Filename,FilePath,Classification,Confidence,GLCM_Contrast,GLCM_Homogeneity,GLCM_Energy,GLCM_Correlation,LBP_Mean,LBP_Std,LBP_Entropy
figura1_exterior1_0.tif,D:\Project\Gargon\data\figura1_exterior1_0.tif,kasar,0.992243647201185,102.81349025915678,0.26179158472432473,0.08520883170381588,0.987999118307968,5.014007568359375,2.495195398579269,3.182901303177623
figura1_exterior1_1.tif,D:\Project\Gargon\data\figura1_exterior1_1.tif,kasar,0.9924119009336794,103.74195438653446,0.2558622036687085,0.0789841878543273,0.9878508765733971,4.9995574951171875,2.498378951880047,3.1900810745450263
figura1_exterior1_10.tif,D:\Project\Gargon\data\figura1_exterior1_10.tif,kasar,0.9935293162657941,118.04810398945256,0.234377280020934,0.06525260928098908,0.9853765520096197,4.904327392578125,2.4356216870008978,3.1619712450868493
figura1_exterior1_11.tif,D:\Project\Gargon\data\figura1_exterior1_11.tif,kasar,0.9937560501409987,123.55763469879611,0.23711022075714094,0.07112692507790765,0.9849091474060534,4.9284210205078125,2.444018049854618,3.168932660290868
figura1_exterior1_12.tif,D:\Project\Gargon\data\figura1_exterior1_12.tif,kasar,0.9941280775605038,130.93907069997314,0.23429418147680253,0.06891809242725527,0.983943374474194,4.9171142578125,2.446734076128606,3.169313004552096
figura1_exterior1_13.tif,D:\Project\Gargon\data\figura1_exterior1_13.tif,kasar,0.9937281334214143,124.7582664720318,0.2424523703415204,0.07773759359161268,0.984996567743832,4.9327239990234375,2.433134048524873,3.158423071638914
figura1_exterior1_14.tif,D:\Project\Gargon\data\figura1_exterior1_14.tif,kasar,0.9933167376918012,117.14426225790714,0.24419769789122367,0.07680833800441872,0.9862120059821344,4.9191741943359375,2.4064239540770744,3.1417782497595392
figura1_exterior1_15.tif,D:\Project\Gargon\data\figura1_exterior1_15.tif,kasar,0.9941518443382704,131.82508073818008,0.2352223201705041,0.07020784390586655,0.9842943594591824,4.91937255859375,2.443271052184403,3.1686684110979804
figura1_exterior1_16.tif,D:\Project\Gargon\data\figura1_exterior1_16.tif,kasar,0.9937235118493817,123.97443929318015,0.23954845616348264,0.07660356408694721,0.9853414067563231,4.9353790283203125,2.4480170814346325,3.16497343171097
figura1_exterior1_17.tif,D:\Project\Gargon\data\figura1_exterior1_17.tif,kasar,0.9940048270619222,130.39762403582952,0.24076591650808252,0.07768230573159358,0.9839683322334261,4.94549560546875,2.4451044187586413,3.1625353997040366
figura1_exterior1_18.tif,D:\Project\Gargon\data\figura1_exterior1_18.tif,kasar,0.9939898848900938,127.91916360294329,0.23537455104149563,0.0703219581891769,0.984935463890708,4.9433746337890625,2.4837633855112213,3.1859632410229506
figura1_exterior1_19.tif,D:\Project\Gargon\data\figura1_exterior1_19.tif,kasar,0.9940820698137568,128.7964276660441,0.23049052982552481,0.06713168577461437,0.9840630168388378,4.923736572265625,2.474130174436857,3.1843858393470743
figura1_exterior1_20.tif,D:\Project\Gargon\data\figura1_exterior1_20.tif,kasar,0.9937826412784079,126.02684464809406,0.2437933799233708,0.07903309023096661,0.9847966280149573,4.9609527587890625,2.4729773627323457,3.1748191299422226
figura1_exterior1_21.tif,D:\Project\Gargon\data\figura1_exterior1_21.tif,kasar,0.9935113864828715,121.10871892721715,0.2466298195071572,0.08166480142834878,0.9859241668987808,4.9955596923828125,2.503658540882188,3.18724141634451
figura1_exterior1_22.tif,D:\Project\Gargon\data\figura1_exterior1_22.tif,kasar,0.9937775074924011,124.92887305964132,0.24021914261281474,0.07688288724638957,0.9855154136630236,4.9581451416015625,2.480060227565428,3.1870858492981022
figura1_exterior1_23.tif,D:\Project\Gargon\data\figura1_exterior1_23.tif,kasar,0.9946227770298431,139.49237393670828,0.22086969551190655,0.06259632113493593,0.9842292774457517,4.933258056640625,2.521641166999379,3.206078354518999
figura1_exterior1_24.tif,D:\Project\Gargon\data\figura1_exterior1_24.tif,kasar,0.9955633909153573,162.34300620554802,0.1970531231815716,0.04735276494460594,0.9819422757420138,4.84844970703125,2.498225696328263,3.2007713115594707
figura1_exterior1_25.tif,D:\Project\Gargon\data\figura1_exterior1_25.tif,kasar,0.994486501805475,153.51567583681634,0.2671163599591073,0.12775494877137356,0.9826765350873847,5.1230926513671875,2.5355204006493586,3.1745199802871458
figura1_exterior1_5.tif,D:\Project\Gargon\data\figura1_exterior1_5.tif,kasar,0.99334047499539,113.83310983155661,0.2356577709806103,0.06072058526010012,0.9862254423191006,4.917266845703125,2.483328877741295,3.1933148312276582
figura1_exterior1_6.tif,D:\Project\Gargon\data\figura1_exterior1_6.tif,kasar,0.9933234050283746,116.36334566332843,0.24357555101728423,0.07354490986026019,0.9853168857067758,4.944580078125,2.459010638398982,3.175933129133922
figura1_exterior1_7.tif,D:\Project\Gargon\data\figura1_exterior1_7.tif,kasar,0.9934758308195627,117.85867189002015,0.23527303071807903,0.07089192766233061,0.9851456014050989,4.904510498046875,2.424590295838246,3.159461105356046
figura1_exterior1_8.tif,D:\Project\Gargon\data\figura1_exterior1_8.tif,kasar,0.9932062275719842,116.07442921592829,0.2489506482401132,0.08127262502339773,0.9863560921814558,4.959381103515625,2.4480187715844095,3.161966778439
figura1_exterior2_0.tif,D:\Project\Gargon\data\figura1_exterior2_0.tif,kasar,0.994797985908648,156.38010909265716,0.2531236120465157,0.1038733004697664,0.9814191827418821,5.1012725830078125,2.594258391754518,3.207077362819005
figura1_exterior2_1.tif,D:\Project\Gargon\data\figura1_exterior2_1.tif,kasar,0.9949434344205245,159.79997882425045,0.25051406493142314,0.10018687237569052,0.9809906282992288,5.1058197021484375,2.607927708324783,3.217388413454839
figura1_exterior2_10.tif,D:\Project\Gargon\data\figura1_exterior2_10.tif,kasar,0.9947275833382949,153.8009575794169,0.2546306083376439,0.09892403210376637,0.9820841121421411,5.0981292724609375,2.586521396765422,3.2078483745286053
figura1_exterior2_11.tif,D:\Project\Gargon\data\figura1_exterior2_11.tif,kasar,0.9938673769030616,137.79192706831645,0.27803882813296277,0.11732412128394967,0.9843028519216362,5.15411376953125,2.5672992730433655,3.1887172232590695
figura1_exterior2_12.tif,D:\Project\Gargon\data\figura1_exterior2_12.tif,kasar,0.9943468076998422,145.68452498738597,0.26526485854916315,0.10448425272732142,0.9826406476162073,5.123870849609375,2.5975899205666684,3.2081014314677114
figura1_exterior2_13.tif,D:\Project\Gargon\data\figura1_exterior2_13.tif,kasar,0.9947270252267918,154.43660964232714,0.2596441819074743,0.09726689563785346,0.9817696726848895,5.110687255859375,2.5946883734310844,3.211387505121846
figura1_exterior2_14.tif,D:\Project\Gargon\data\figura1_exterior2_14.tif,kasar,0.9942333783486903,146.4841505670896,0.2755123450341292,0.11801791701470421,0.9826728364059965,5.16339111328125,2.5828035436095336,3.1905758111627756
figura1_exterior2_15.tif,D:\Project\Gargon\data\figura1_exterior2_15.tif,kasar,0.99451728605308,152.12542102196312,0.26793417440467804,0.11131624334333548,0.9823523565347573,5.1454925537109375,2.5698782892770393,3.1861795410065232
figura1_exterior2_16.tif,D:\Project\Gargon\data\figura1_exterior2_16.tif,kasar,0.9950777090372146,162.73814136990615,0.24747722877947778,0.09309806589732163,0.9807336336958504,5.08294677734375,2.5943179363340447,3.210125965244061
figura1_exterior2_17.tif,D:\Project\Gargon\data\figura1_exterior2_17.tif,kasar,0.9944274426614392,151.38257190744292,0.2725145709030656,0.11956653829226507,0.9820230433969477,5.16943359375,2.603041906965452,3.1934961722869777
figura1_exterior2_18.tif,D:\Project\Gargon\data\figura1_exterior2_18.tif,kasar,0.9951021082926138,160.7608640456851,0.2421855375683033,0.08240552100321849,0.9819291671747488,5.056121826171875,2.5956600175224476,3.2169036151743264
figura1_exterior2_19.tif,D:\Project\Gargon\data\figura1_exterior2_19.tif,kasar,0.995075437707473,163.15052344651565,0.2500084371807169,0.09310535572518008,0.9828821454046532,5.1009979248046875,2.603205699200355,3.211136626214518
figura1_exterior2_2.tif,D:\Project\Gargon\data\figura1_exterior2_2.tif,kasar,0.9945554074057186,149.14255858624077,0.25393426733485264,0.10311643970517348,0.9818228192107842,5.10760498046875,2.6040281626903674,3.2123332473903368
figura1_exterior2_24.tif,D:\Project\Gargon\data\figura1_exterior2_24.tif,kasar,0.9953405345436154,168.73856444937562,0.24080760495450101,0.08034811646674019,0.9806851922952535,5.0504608154296875,2.5918671573557948,3.2104648841374943
figura1_exterior2_25.tif,D:\Project\Gargon\data\figura1_exterior2_25.tif,kasar,0.9946836605686266,149.17851221585727,0.24946142337694438,0.08367374992879609,0.9831669000143437,5.0813140869140625,2.616825060115004,3.219961990079587
figura1_exterior2_26.tif,D:\Project\Gargon\data\figura1_exterior2_26.tif,kasar,0.9952457401620208,160.69449392962318,0.23120644162338716,0.06642706197165478,0.981166679029446,5.0283203125,2.6269217223378636,3.2320370266413345
figura1_exterior2_27.tif,D:\Project\Gargon\data\figura1_exterior2_27.tif,kasar,0.9953266585091727,166.2497079698966,0.2380025709962713,0.07317827879027901,0.9809056422289775,5.0411529541015625,2.607315834930562,3.223514737723613
figura1_exterior2_28.tif,D:\Project\Gargon\data\figura1_exterior2_28.tif,kasar,0.9952318402097295,162.6620491217375,0.23659454784003306,0.07343747543910539,0.9814951562059124,5.039398193359375,2.6079427261404278,3.218941934468847
figura1_exterior2_29.tif,D:\Project\Gargon\data\figura1_exterior2_29.tif,kasar,0.9952184141346194,158.4814655421035,0.2261914264135729,0.06459706008300477,0.9822302216282441,5.0167388916015625,2.611948573670649,3.228786752908415
figura1_exterior2_3.tif,D:\Project\Gargon\data\figura1_exterior2_3.tif,kasar,0.9951750288741663,164.1033878646436,0.24128167878417983,0.08899725460759113,0.9806303298904107,5.0829925537109375,2.6027868843088364,3.2164820444566975
figura1_exterior2_30.tif,D:\Project\Gargon\data\figura1_exterior2_30.tif,kasar,0.995753824648523,174.20172589869756,0.21287424032789154,0.055201379225546375,0.9799506724381333,4.9687957763671875,2.612995673398812,3.236302081730351
figura1_exterior2_31.tif,D:\Project\Gargon\data\figura1_exterior2_31.tif,kasar,0.9951073270928372,151.45123281911273,0.21741283646453377,0.05064683921479566,0.9835367141193286,4.888580322265625,2.486365448933029,3.197262359868031
figura1_exterior2_32.tif,D:\Project\Gargon\data\figura1_exterior2_32.tif,kasar,0.9967204828104298,224.26047882726212,0.2062139521555196,0.04932672418150964,0.9751138192999265,4.9010467529296875,2.53894617579916,3.2149845053650035
figura1_exterior2_4.tif,D:\Project\Gargon\data\figura1_exterior2_4.tif,kasar,0.9954021237497576,175.18863605644543,0.24574997279503918,0.09866692812622033,0.9781499306427766,5.0823822021484375,2.589770745372935,3.20606789454435
figura1_exterior2_5.tif,D:\Project\Gargon\data\figura1_exterior2_5.tif,kasar,0.9950824049762914,165.20062447436186,0.25130026165839947,0.10262883709666941,0.9802516722679673,5.08807373046875,2.578123930006094,3.2057327303385237
figura1_exterior2_7.tif,D:\Project\Gargon\data\figura1_exterior2_7.tif,kasar,0.9951323210160765,164.39285304930794,0.24461016304691705,0.09664399855003064,0.9799125729240112,5.102569580078125,2.628341806751473,3.220152207941695
figura1_exterior2_8.tif,D:\Project\Gargon\data\figura1_exterior2_8.tif,kasar,0.9943828272701898,147.2345890703093,0.2649711711612038,0.10888754133868082,0.9823423485302175,5.144683837890625,2.6034917649680334,3.204231666896359
figura1_exterior2_9.tif,D:\Project\Gargon\data\figura1_exterior2_9.tif,kasar,0.995091686447872,164.73020534469944,0.24982661637930165,0.09974401091453627,0.9810184304051792,5.0898590087890625,2.5902291035224585,3.208622844756232
figura1_exterior3_1.tif,D:\Project\Gargon\data\figura1_exterior3_1.tif,kasar,0.9930661646749245,120.03367836289227,0.2780084822728731,0.10355081107562417,0.9867036282734979,5.08929443359375,2.515113766031727,3.17056568497602
figura1_exterior3_14.tif,D:\Project\Gargon\data\figura1_exterior3_14.tif,kasar,0.9920488192729671,99.13865753256138,0.2627951915357385,0.06961851669277795,0.9877892027068651,4.9604949951171875,2.443173490201222,3.1567917490878035
figura1_exterior3_2.tif,D:\Project\Gargon\data\figura1_exterior3_2.tif,kasar,0.9927428294677444,111.4725584210421,0.2676346003332234,0.0876197370530294,0.9870264043921224,5.0258026123046875,2.482363842329739,3.16652373951771
figura1_exterior3_20.tif,D:\Project\Gargon\data\figura1_exterior3_20.tif,kasar,0.991211037941432,92.68122391328063,0.29006090452728706,0.07619570402910128,0.98941571892847,5.0366668701171875,2.4882625143743367,3.1704261592379677
figura1_exterior3_21.tif,D:\Project\Gargon\data\figura1_exterior3_21.tif,kasar,0.9918677946167672,99.09674237372866,0.2816920922637952,0.07095312029823869,0.9881612235762992,5.009429931640625,2.4787739421086292,3.1692529949550345
figura1_exterior3_23.tif,D:\Project\Gargon\data\figura1_exterior3_23.tif,kasar,0.9909277051286879,88.62837194528727,0.28562964143110653,0.07063390794357959,0.9898642308324068,5.0222015380859375,2.4860533122197532,3.1772494439620065
figura1_exterior3_24.tif,D:\Project\Gargon\data\figura1_exterior3_24.tif,kasar,0.991319635735525,91.43782897503544,0.27867536088238276,0.06413900673172382,0.9888812025040699,5.0074920654296875,2.4998514402755587,3.183858505575612
figura1_exterior3_26.tif,D:\Project\Gargon\data\figura1_exterior3_26.tif,kasar,0.9906361562092015,84.78197401540419,0.2807873764528264,0.06532346314751748,0.990234061322539,4.9937591552734375,2.478460824522558,3.177276103974399
figura1_exterior3_27.tif,D:\Project\Gargon\data\figura1_exterior3_27.tif,kasar,0.9903031172874618,83.39540911248223,0.2968462920131314,0.06664269780831014,0.9914411432786485,5.0293121337890625,2.4937993519913384,3.1808103498643203
figura1_exterior3_4.tif,D:\Project\Gargon\data\figura1_exterior3_4.tif,kasar,0.990701910512564,91.80003910755579,0.3020906463475951,0.1167078735339927,0.9885635056248662,5.157562255859375,2.545571621014817,3.1707747436864078
figura1_exterior3_5.tif,D:\Project\Gargon\data\figura1_exterior3_5.tif,kasar,0.9903167381833554,87.92972883025841,0.30051019245956995,0.11639251024389785,0.9889710968431752,5.142242431640625,2.512049866552655,3.153160154096601
figura1_exterior4_18.tif,D:\Project\Gargon\data\figura1_exterior4_18.tif,kasar,0.9945662536046006,138.60052963404036,0.23723897487949627,0.04964814450662512,0.983219282534116,5.0122222900390625,2.644837644806201,3.2416027024050456
figura1_exterior4_26.tif,D:\Project\Gargon\data\figura1_exterior4_26.tif,kasar,0.9961882996264415,194.5644988105606,0.21789786387604454,0.04821961915719669,0.97511864345094,4.9755859375,2.6373029951671976,3.2366247801552332
